Title,Date
"Rogue, o Assassino","3/5/25"
"O Rei das Lutas","3/5/25"
"Fantasmas: Temporada 1: Episódio 10","3/4/25"
"Fantasmas: Temporada 1: Episódio 9","3/4/25"
"Fantasmas: Temporada 1: Episódio 8","3/4/25"
"Fantasmas: Temporada 1: Episódio 7","3/4/25"
"Fantasmas: Temporada 1: Episódio 6","3/4/25"
"Fantasmas: Temporada 1: Episódio 5","3/4/25"
"Fantasmas: Temporada 1: Episódio 4","2/26/25"
"Fantasmas: Temporada 1: Episódio 3","2/26/25"
"Fantasmas: Temporada 1: Episódio 2","2/26/25"
"Fantasmas: Temporada 1: Episódio 1","2/26/25"
"Dia Zero: Minissérie: Episódio 1","2/25/25"
"Uncharted: Fora do Mapa","2/25/25"
"O Agente Noturno: Temporada 2: Desligado","2/19/25"
"O Agente Noturno: Temporada 2: Celulares rastreados","2/18/25"
"Rebel Ridge","2/17/25"
"O Agente Noturno: Temporada 1: Pais","2/16/25"
"O Agente Noturno: Temporada 1: O mal que você conhece","2/16/25"
"O Agente Noturno: Temporada 1: Déjà vu","2/16/25"
"O Agente Noturno: Temporada 1: Um prato que se come frio","2/16/25"
"O Agente Noturno: Temporada 1: Mergulhos profundos","2/16/25"
"O Agente Noturno: Temporada 1: A marionete","2/16/25"
"O Agente Noturno: Temporada 1: Segredos confidenciais","2/16/25"
"O Agente Noturno: Temporada 1: Guarda do zoológico","2/16/25"
"Round 6: Temporada 2: O ﻿ X","2/16/25"
"Round 6: Temporada 2: Mais um jogo","2/16/25"
"Round 6: Temporada 2: Seis pernas","2/15/25"
"Round 6: Temporada 2: 001","2/15/25"
"Round 6: Temporada 2: Festa de Halloween","2/15/25"
"O Agente Noturno: Temporada 1: Rediscagem","2/12/25"
"O Agente Noturno: Temporada 1: A ligação","2/10/25"
"Lei e ordem: Special Victims Unit: The Eleventh Year: Carne","2/10/25"
"Round 6: Temporada 2: Pão e loteria","2/10/25"
"Deuses do Egito","2/5/25"
"Hooligan: Episódio 1","2/4/25"
"Lupin: Parte 3: Capítulo 7","2/3/25"
"Lupin: Parte 3: Capítulo 6","1/29/25"
"Lupin: Parte 3: Capítulo 5","1/29/25"
"Lupin: Parte 3: Capítulo 4","1/29/25"
"Lupin: Parte 3: Capítulo 3","1/28/25"
"Beauty in Black: Matando o karma","1/28/25"
"Beauty in Black: No mesmo patamar","1/28/25"
"Beauty in Black: Matança","1/28/25"
"Beauty in Black: Desvendando as tramas","1/28/25"
"Beauty in Black: Assuntos de família","1/28/25"
"Beauty in Black: Consequências","1/28/25"
"Lupin: Parte 3: Capítulo 2","1/28/25"
"Lupin: Parte 3: Capítulo 1","1/28/25"
"Lupin: Parte 2: Capítulo 10","1/27/25"
"Lupin: Parte 2: Capítulo 9","1/27/25"
"Lupin: Parte 2: Capítulo 8","1/27/25"
"Lupin: Parte 2: Capítulo 7","1/25/25"
"Lupin: Parte 2: Capítulo 6","1/25/25"
"Lupin: Parte 1: Capítulo 5","1/25/25"
"Lupin: Parte 1: Capítulo 4","1/25/25"
"Lupin: Parte 1: Capítulo 3","1/23/25"
"Lupin: Parte 1: Capítulo 2","1/23/25"
"Lupin: Parte 1: Capítulo 1","1/22/25"
"Beauty in Black: Uma dança com o papai","1/21/25"
"Beauty in Black: Chuva de dinheiro","1/21/25"
"Ad Vitam","1/21/25"
"Donzela","1/20/25"
"Prison Break: Temporada 1: Acerto de Contas","1/20/25"
"Round 6: Temporada 1: Um dia de sorte","1/19/25"
"Round 6: Temporada 1: O líder","1/18/25"
"Round 6: Temporada 1: VIPs","1/18/25"
"Round 6: Temporada 1: Gganbu","1/18/25"
"Round 6: Temporada 1: Um mundo justo","1/18/25"
"Round 6: Temporada 1: Fiquem juntos","1/18/25"
"Round 6: Temporada 1: O homem do guarda-chuva","1/18/25"
"Round 6: Temporada 1: Inferno","1/18/25"
"Round 6: Temporada 1: Batatinha frita 1, 2, 3","1/18/25"
"Caçada Selvagem","1/18/25"
"De Volta à Ação","1/18/25"
"Lei e ordem: Special Victims Unit: The Eleventh Year: Enganado","1/18/25"
"Agente das Sombras","1/14/25"
"Terra Indomável: Minissérie: Episódio 1","1/14/25"
"NCIS: Temporada 10: Extremo recomeço","1/13/25"
"As Tartarugas Ninja: Fora das Sombras","1/8/25"
"WWE NXT: 2025: NXT New Year's Evil 2025","1/8/25"
"Velozes e Furiosos 3 – Desafio em Tóquio","12/28/24"
"Racionais: Das Ruas de São Paulo Pro Mundo","12/28/24"
"Uma Quedinha de Natal","12/27/24"
"Lei e ordem: Special Victims Unit: The Eleventh Year: Hora de dormir","12/27/24"
"Lei e ordem: Special Victims Unit: The Eleventh Year: Deficiência","12/27/24"
"Lei e ordem: Special Victims Unit: The Eleventh Year: Testemunha","12/27/24"
"A Profissional","12/27/24"
"Lei e ordem: Special Victims Unit: The Eleventh Year: Confidencialidade","12/26/24"
"Lei e ordem: Special Victims Unit: The Eleventh Year: Salvador","12/24/24"
"Lei e ordem: Special Victims Unit: The Eleventh Year: Politicamente correto","12/24/24"
"Lei e ordem: Special Victims Unit: The Eleventh Year: Sombra","12/18/24"
"Lei e ordem: Special Victims Unit: The Eleventh Year: Rapidinha","12/17/24"
"Lei e ordem: Special Victims Unit: The Eleventh Year: Âncora","12/17/24"
"Lei e ordem: Special Victims Unit: The Eleventh Year: Pervertido","12/17/24"
"Lei e ordem: Special Victims Unit: The Eleventh Year: Confusão","12/17/24"
"Lei e ordem: Special Victims Unit: The Eleventh Year: Dependentes","12/16/24"
"Lei e ordem: Special Victims Unit: The Eleventh Year: Espiã","12/16/24"
"Transformers: O Despertar das Feras","12/15/24"
"Bagagem de Risco","12/15/24"
"Lei e ordem: Special Victims Unit: The Eleventh Year: Base genética","12/14/24"
"Lei e ordem: Special Victims Unit: The Eleventh Year: Dependência","12/14/24"
"CSI: Crime Scene Investigation: Temporada 10: Negócios de família","12/14/24"
"Lei e ordem: Special Victims Unit: The Eleventh Year: Solitária","12/14/24"
"Lei e ordem: Special Victims Unit: The Eleventh Year: Coroa","12/14/24"
"Lei e ordem: Special Victims Unit: The Eleventh Year: Instável","12/14/24"
"Lei e ordem: Special Victims Unit: The Tenth Year: Zebras","12/12/24"
"Magnatas do Crime: O refinamento… violento","12/12/24"
"Lucifer: Temporada 2: Engolidor de pecados","12/12/24"
"Lei e ordem: Special Victims Unit: The Tenth Year: Libertação","12/10/24"
"Guerra e Revolta","12/10/24"
"Lei e ordem: Special Victims Unit: The Tenth Year: Apaixonado","12/10/24"
"Peaky Blinders: Sangue, Apostas e Navalhas: Temporada 5: Gatos pretos","12/9/24"
"Peaky Blinders: Sangue, Apostas e Navalhas: Temporada 5: Catástrofe na terça-feira","12/9/24"
"Peaky Blinders: Sangue, Apostas e Navalhas: Temporada 4: À paz!","12/9/24"
"Lei e ordem: Special Victims Unit: The Tenth Year: Egoísta","12/8/24"
"Peaky Blinders: Sangue, Apostas e Navalhas: Temporada 4: À revolução!","12/8/24"
"Peaky Blinders: Sangue, Apostas e Navalhas: Temporada 4: Perigo à vista","12/8/24"
"A Liga","12/8/24"
"Avatar: O Último Mestre do Ar: Lendas","12/8/24"
"Senna: Minissérie: Tempo","12/7/24"
"Senna: Minissérie: Herói","12/7/24"
"Senna: Minissérie: Paixão","12/7/24"
"Senna: Minissérie: Ambição","12/7/24"
"Senna: Minissérie: Determinação","12/7/24"
"Senna: Minissérie: Vocação","12/7/24"
"Peaky Blinders: Sangue, Apostas e Navalhas: Temporada 4: Questão de segurança nacional","12/4/24"
"Peaky Blinders: Sangue, Apostas e Navalhas: Temporada 4: Bárbaros","12/4/24"
"Peaky Blinders: Sangue, Apostas e Navalhas: Temporada 4: A forca","12/3/24"
"Peaky Blinders: Sangue, Apostas e Navalhas: Temporada 3: Episódio 6","12/3/24"
"Peaky Blinders: Sangue, Apostas e Navalhas: Temporada 3: Episódio 5","12/3/24"
"GTMAX","12/3/24"
"Peaky Blinders: Sangue, Apostas e Navalhas: Temporada 3: Episódio 4","12/2/24"
"Peaky Blinders: Sangue, Apostas e Navalhas: Temporada 3: Episódio 3","11/30/24"
"Peaky Blinders: Sangue, Apostas e Navalhas: Temporada 3: Episódio 2","11/30/24"
"Peaky Blinders: Sangue, Apostas e Navalhas: Temporada 3: Episódio 1","11/26/24"
"Outer Banks: Temporada 1: Piloto","11/24/24"
"Outer Banks: Temporada 4: A Coroa Azul","11/24/24"
"Outer Banks: Temporada 4: Tempestade","11/24/24"
"Outer Banks: Temporada 4: Trama familiar","11/24/24"
"Outer Banks: Temporada 4: Mães e pais","11/24/24"
"Outer Banks: Temporada 4: Prefeitura","11/24/24"
"Outer Banks: Temporada 4: Albatross","11/24/24"
"Outer Banks: Temporada 4: O swell","11/23/24"
"Outer Banks: Temporada 4: Corsários","11/23/24"
"Outer Banks: Temporada 4: Barba Negra","11/23/24"
"Outer Banks: Temporada 4: O Enduro","11/23/24"
"Peaky Blinders: Sangue, Apostas e Navalhas: Temporada 2: Episódio 6","11/23/24"
"Peaky Blinders: Sangue, Apostas e Navalhas: Temporada 2: Episódio 5","11/22/24"
"Peaky Blinders: Sangue, Apostas e Navalhas: Temporada 2: Episódio 4","11/22/24"
"Peaky Blinders: Sangue, Apostas e Navalhas: Temporada 2: Episódio 3","11/22/24"
"Peaky Blinders: Sangue, Apostas e Navalhas: Temporada 2: Episódio 2","11/22/24"
"Lucifer: Temporada 2: Mentira cabeluda","11/21/24"
"Lucifer: Temporada 2: Direto do Inferno","11/21/24"
"Lucifer: Temporada 1: Me leve de volta ao Inferno","11/20/24"
"Lucifer: Temporada 1: #EquipeLucifer","11/20/24"
"Lucifer: Temporada 1: Santo Lucifer","11/20/24"
"Lucifer: Temporada 1: Pops","11/20/24"
"Lucifer: Temporada 1: Um padre entra no bar","11/20/24"
"Cidade de Mentiras","11/20/24"
"Lucifer: Temporada 1: Até tu, Doutora?","11/20/24"
"Lucifer: Temporada 1: Parceiro","11/20/24"
"Lucifer: Temporada 1: Filho favorito","11/20/24"
"Lucifer: Temporada 1: Sapatos","11/20/24"
"Lucifer: Temporada 1: Novidades masculinas","11/20/24"
"Lucifer: Temporada 1: O quase Príncipe das Trevas","11/20/24"
"Lucifer: Temporada 1: Fica, Lucifer. Bom Diabo.","11/20/24"
"Lucifer: Temporada 1: Piloto","11/20/24"
"Peaky Blinders: Sangue, Apostas e Navalhas: Temporada 2: Episódio 1","11/20/24"
"Peaky Blinders: Sangue, Apostas e Navalhas: Temporada 1: Episódio 6","11/19/24"
"Peaky Blinders: Sangue, Apostas e Navalhas: Temporada 1: Episódio 5","11/19/24"
"Peaky Blinders: Sangue, Apostas e Navalhas: Temporada 1: Episódio 4","11/18/24"
"Peaky Blinders: Sangue, Apostas e Navalhas: Temporada 1: Episódio 3","11/18/24"
"Peaky Blinders: Sangue, Apostas e Navalhas: Temporada 1: Episódio 2","11/18/24"
"Peaky Blinders: Sangue, Apostas e Navalhas: Temporada 1: Episódio 1","11/17/24"
"1 Contra Todos - O Filme","11/17/24"
"Arcane: Temporada 1: Entrando na brincadeira","11/17/24"
"Jake Paul vs. Mike Tyson","11/16/24"
"O Ringue: Episódio 5","11/15/24"
"O Ringue: Episódio 4","11/15/24"
"O Ringue: Episódio 3","11/15/24"
"O Ringue: Episódio 2","11/15/24"
"O Ringue: Episódio 1","11/15/24"
"Resgate 2","11/15/24"
"Lei e ordem: Special Victims Unit: The Tenth Year: Bagagem","11/7/24"
"Lei e ordem: Special Victims Unit: The Tenth Year: Inferno","11/7/24"
"Lei e ordem: Special Victims Unit: The Tenth Year: Dançarina","11/7/24"
"Lei e ordem: Special Victims Unit: The Tenth Year: Chumbo","11/7/24"
"Lei e ordem: Special Victims Unit: The Tenth Year: Transição","11/7/24"
"Não Se Mexa","11/6/24"
"Lei e ordem: Special Victims Unit: The Tenth Year: Sequestrada","11/5/24"
"Lei e ordem: Special Victims Unit: The Tenth Year: Estufa","11/5/24"
"Lei e ordem: Special Victims Unit: The Tenth Year: Estranha","10/31/24"
"Lei e ordem: Special Victims Unit: The Tenth Year: Pornografia","10/31/24"
"Lei e ordem: Special Victims Unit: The Tenth Year: TEPT","10/29/24"
"Lei e ordem: Special Victims Unit: The Tenth Year: Personagem","10/29/24"
"Lei e ordem: Special Victims Unit: The Tenth Year: Animais selvagens","10/29/24"
"Lei e ordem: Special Victims Unit: The Tenth Year: Bebês","10/29/24"
"O Poder e a Lei: Temporada 3: Deuses da culpa","10/26/24"
"O Poder e a Lei: Temporada 3: Fantasmas","10/26/24"
"O Poder e a Lei: Temporada 3: Homem misterioso","10/26/24"
"O Poder e a Lei: Temporada 3: Relevância","10/26/24"
"O Poder e a Lei: Temporada 3: Pegando fogo","10/26/24"
"O Poder e a Lei: Temporada 3: O que acontece em Victorville…","10/25/24"
"O Poder e a Lei: Temporada 3: Detalhes ignorados no passado","10/25/24"
"O Poder e a Lei: Temporada 3: Alianças inesperadas","10/25/24"
"O Poder e a Lei: Temporada 3: Circunstâncias especiais","10/24/24"
"O Poder e a Lei: Temporada 3: A cobra","10/24/24"
"Através das Sombras","10/23/24"
"Dragon Ball: Daima: Conspiração","10/22/24"
"Lei e ordem: Special Victims Unit: The Tenth Year: Retrocesso","10/22/24"
"Lei e ordem: Special Victims Unit: The Tenth Year: Lunático","10/22/24"
"Lei e ordem: Special Victims Unit: The Tenth Year: Oscilação","10/22/24"
"Lei e ordem: Special Victims Unit: The Tenth Year: Confissão","10/22/24"
"Lei e ordem: Special Victims Unit: The Tenth Year: Experimentos","10/21/24"
"Lei e ordem: Special Victims Unit: The Ninth Year: Caso arquivado","10/21/24"
"Lei e ordem: Special Victims Unit: The Ninth Year: Negociação","10/21/24"
"Lei e ordem: Special Victims Unit: The Ninth Year: Autoridade","10/20/24"
"Lei e ordem: Special Victims Unit: The Ninth Year: No armário","10/20/24"
"Lei e ordem: Special Victims Unit: The Ninth Year: Infiltrada","10/18/24"
"Lei e ordem: Special Victims Unit: The Ninth Year: Inconcebível","10/18/24"
"Lei e ordem: Special Victims Unit: The Ninth Year: Não ortodoxo","10/18/24"
"Lei e ordem: Special Victims Unit: The Ninth Year: Assinatura","10/18/24"
"Lei e ordem: Special Victims Unit: The Ninth Year: Família de rua","10/18/24"
"Lei e ordem: Special Victims Unit: The Ninth Year: Dedo-duro","10/16/24"
"Lei e ordem: Special Victims Unit: The Ninth Year: Paternidade","10/16/24"
"Lei e ordem: Special Victims Unit: The Ninth Year: Luta","10/15/24"
"Lei e ordem: Special Victims Unit: The Ninth Year: Cegueira","10/15/24"
"Resurrected Rides: Vanagon","10/13/24"
"Guerra Culinária: Temporada 1: Episódio 1","10/13/24"
"The Flash: Temporada 6: Salto no vazio","10/13/24"
"Como Defender um Assassino: Temporada 2: Ela está morrendo","10/10/24"
"Como Defender um Assassino: Temporada 2: Hora de seguir em frente","10/10/24"
"Como Defender um Assassino: É tudo culpa minha","10/10/24"
"Como Defender um Assassino: A noite em que Lila morreu","10/9/24"
"Como Defender um Assassino: A mamãe chegou","10/9/24"
"Como Defender um Assassino: Ela é uma assassina","10/9/24"
"Como Defender um Assassino: O melhor Natal de todos!","10/8/24"
"Como Defender um Assassino: Olá Raskolnikov","10/8/24"
"Como Defender um Assassino: Me mate, me mate, me mate","10/7/24"
"Guerreiros do Basquete","10/4/24"
"O Poço 2","10/4/24"
"Como Defender um Assassino: Ele tem uma esposa","10/3/24"
"Como Defender um Assassino: Ele mereceu morrer","10/2/24"
"Como Defender um Assassino: Maldito esconde-esconde","10/2/24"
"Como Defender um Assassino: Nós não somos amigos","10/1/24"
"Como Defender um Assassino: Vamos dar uma espiada","10/1/24"
"Como Defender um Assassino: Sorria ou vá para a cadeia","10/1/24"
"Como Defender um Assassino: É tudo culpa dela","9/30/24"
"Como Defender um Assassino: Piloto","9/30/24"
"Lei e ordem: Special Victims Unit: The Ninth Year: Má influência","9/26/24"
"Lei e ordem: Special Victims Unit: The Ninth Year: Dano físico","9/26/24"
"The Hard Way","9/25/24"
"O Agente Faixa-Preta","9/25/24"
"Lei e ordem: Special Victims Unit: The Ninth Year: Habilidade especial","9/24/24"
"Lei e ordem: Special Victims Unit: The Ninth Year: Impulsos","9/24/24"
"Prison Break: Temporada 1: Piloto - Em Busca da Verdade","9/23/24"
"Dexter: Temporada 1: Crocodile","9/19/24"
"Dexter: Temporada 1: Dexter","9/19/24"
"Bandida - A Número Um","9/18/24"
"Resgate","9/16/24"
"Boxer","9/16/24"
"Feios","9/15/24"
"Velozes e Furiosos","9/11/24"
"S.W.A.T - Força de Intervenção: Temporada 5: Despedida","9/11/24"
"S.W.A.T - Força de Intervenção: Temporada 5: Zodíaco","9/10/24"
"S.W.A.T - Força de Intervenção: Temporada 5: Dilema","9/10/24"
"S.W.A.T - Força de Intervenção: Temporada 5: Família","9/10/24"
"S.W.A.T - Força de Intervenção: Temporada 5: Entrada","9/9/24"
"S.W.A.T - Força de Intervenção: Temporada 5: Petróleo","9/9/24"
"S.W.A.T - Força de Intervenção: Temporada 5: Fuga","9/6/24"
"S.W.A.T - Força de Intervenção: Temporada 5: Doadores","9/4/24"
"S.W.A.T - Força de Intervenção: Temporada 5: Albatroz","9/4/24"
"S.W.A.T - Força de Intervenção: Temporada 5: Pavio curto","9/3/24"
"S.W.A.T - Força de Intervenção: Temporada 5: Proveniência","9/3/24"
"S.W.A.T - Força de Intervenção: Temporada 5: Fora de moda","9/2/24"
"S.W.A.T - Força de Intervenção: Temporada 5: Três armas","9/2/24"
"Os Piores Ex: Traída pelo distintivo","9/1/24"
"Os Piores Ex: Namorando o diabo","9/1/24"
"A Libertação","9/1/24"
"Arrasando na Cozinha","9/1/24"
"S.W.A.T - Força de Intervenção: Temporada 5: Sobreviver","8/29/24"
"S.W.A.T - Força de Intervenção: Temporada 5: Casa segura","8/28/24"
"S.W.A.T - Força de Intervenção: Temporada 5: Não perca a fé","8/28/24"
"S.W.A.T - Força de Intervenção: Temporada 5: Atuação","8/28/24"
"S.W.A.T - Força de Intervenção: Temporada 5: Linha ofensiva","8/28/24"
"S.W.A.T - Força de Intervenção: Temporada 5: Sentinela","8/27/24"
"S.W.A.T - Força de Intervenção: Temporada 5: 27-David","8/27/24"
"S.W.A.T - Força de Intervenção: Temporada 5: Madrugada","8/26/24"
"S.W.A.T - Força de Intervenção: Temporada 5: Vagabundo","8/26/24"
"S.W.A.T - Força de Intervenção: Temporada 4: Veritas Vincit","8/26/24"
"S.W.A.T - Força de Intervenção: Temporada 4: Informante","8/26/24"
"S.W.A.T - Força de Intervenção: Temporada 4: Prisão","8/26/24"
"S.W.A.T - Força de Intervenção: Temporada 4: Heróis","8/26/24"
"S.W.A.T - Força de Intervenção: Temporada 4: Acerto de contas","8/25/24"
"S.W.A.T - Força de Intervenção: Temporada 4: Pai pecador","8/25/24"
"S.W.A.T - Força de Intervenção: Temporada 4: Volta","8/25/24"
"S.W.A.T - Força de Intervenção: Temporada 4: Pensamento positivo","8/25/24"
"S.W.A.T - Força de Intervenção: Temporada 4: Sepultamento","8/25/24"
"S.W.A.T - Força de Intervenção: Temporada 4: Parente","8/25/24"
"S.W.A.T - Força de Intervenção: Temporada 4: Cruzada","8/25/24"
"S.W.A.T - Força de Intervenção: Temporada 4: Fogo","8/24/24"
"S.W.A.T - Força de Intervenção: Temporada 4: Almas perdidas","8/24/24"
"S.W.A.T - Força de Intervenção: Temporada 4: Fratura","8/24/24"
"S.W.A.T - Força de Intervenção: Temporada 4: Lembrança","8/23/24"
"S.W.A.T - Força de Intervenção: Temporada 4: Atividades criminosas","8/23/24"
"S.W.A.T - Força de Intervenção: Temporada 4: Tocaia","8/23/24"
"S.W.A.T - Força de Intervenção: Temporada 4: 17 anos","8/23/24"
"S.W.A.T - Força de Intervenção: Temporada 3: El Diablo","8/23/24"
"S.W.A.T - Força de Intervenção: Temporada 3: Selvagens","8/23/24"
"S.W.A.T - Força de Intervenção: Temporada 3: Vice","8/23/24"
"S.W.A.T - Força de Intervenção: Temporada 3: Estigma","8/23/24"
"S.W.A.T - Força de Intervenção: Temporada 3: Hotel L.A.","8/23/24"
"S.W.A.T - Força de Intervenção: Temporada 3: Pólvora","8/22/24"
"S.W.A.T - Força de Intervenção: Temporada 3: Nocaute","8/22/24"
"S.W.A.T - Força de Intervenção: Temporada 3: Animus","8/22/24"
"S.W.A.T - Força de Intervenção: Temporada 3: Ekitai Rashku","8/22/24"
"S.W.A.T - Força de Intervenção: Temporada 3: Policial bom","8/22/24"
"S.W.A.T - Força de Intervenção: Temporada 3: Policial mau","8/22/24"
"S.W.A.T - Força de Intervenção: Temporada 3: Monstro","8/21/24"
"S.W.A.T - Força de Intervenção: Temporada 3: Lago Salton","8/17/24"
"S.W.A.T - Força de Intervenção: Temporada 3: Toca do leão","8/17/24"
"S.W.A.T - Força de Intervenção: Temporada 3: Pista","8/17/24"
"S.W.A.T - Força de Intervenção: Temporada 3: Reino","8/17/24"
"S.W.A.T - Força de Intervenção: Temporada 3: Mudança de planos","8/17/24"
"S.W.A.T - Força de Intervenção: Temporada 3: Imunidade","8/17/24"
"S.W.A.T - Força de Intervenção: Temporada 3: Dinheiro falso","8/17/24"
"S.W.A.T - Força de Intervenção: Temporada 3: Má-fé","8/17/24"
"S.W.A.T - Força de Intervenção: Temporada 3: Fogo no céu","8/16/24"
"S.W.A.T - Força de Intervenção: Temporada 2: Canguru","8/14/24"
"S.W.A.T - Força de Intervenção: Temporada 2: Gatilho","8/14/24"
"S.W.A.T - Força de Intervenção: Temporada 2: Dia longo","8/14/24"
"S.W.A.T - Força de Intervenção: Temporada 2: Combustível de foguete","8/13/24"
"S.W.A.T - Força de Intervenção: Temporada 2: Invisível","8/13/24"
"S.W.A.T - Força de Intervenção: Temporada 2: Fluxo de caixa","8/12/24"
"S.W.A.T - Força de Intervenção: Temporada 2: Jack","8/12/24"
"S.W.A.T - Força de Intervenção: Temporada 2: Orgulho","8/12/24"
"S.W.A.T - Força de Intervenção: Temporada 2: Recuar","8/12/24"
"S.W.A.T - Força de Intervenção: Temporada 2: Equipe B","8/12/24"
"S.W.A.T - Força de Intervenção: Temporada 2: De novo","8/12/24"
"S.W.A.T - Força de Intervenção: Temporada 2: Los Huesos","8/12/24"
"S.W.A.T - Força de Intervenção: Temporada 2: Escola","8/12/24"
"S.W.A.T - Força de Intervenção: Temporada 2: 1.000 joules","8/11/24"
"S.W.A.T - Força de Intervenção: Temporada 2: Dia de folga","8/11/24"
"S.W.A.T - Força de Intervenção: Temporada 2: Tiffany Experience","8/11/24"
"S.W.A.T - Força de Intervenção: Temporada 2: Legado","8/11/24"
"S.W.A.T - Força de Intervenção: Temporada 2: Nunca mais","8/11/24"
"S.W.A.T - Força de Intervenção: Temporada 2: S.O.S.","8/11/24"
"S.W.A.T - Força de Intervenção: Temporada 2: Salvar","8/7/24"
"S.W.A.T - Força de Intervenção: Temporada 2: Fumaça e fogo","8/7/24"
"S.W.A.T - Força de Intervenção: Temporada 2: Tambor de gasolina","8/6/24"
"S.W.A.T - Força de Intervenção: Temporada 2: Terremoto","8/5/24"
"S.W.A.T - Força de Intervenção: Temporada 1: Boato","8/2/24"
"S.W.A.T - Força de Intervenção: Temporada 1: Caça","8/2/24"
"S.W.A.T - Força de Intervenção: Temporada 1: Vendeta","8/2/24"
"S.W.A.T - Força de Intervenção: Temporada 1: Fonte","8/1/24"
"S.W.A.T - Força de Intervenção: Temporada 1: Patrulha","7/24/24"
"S.W.A.T - Força de Intervenção: Temporada 1: Arsenal","7/24/24"
"S.W.A.T - Força de Intervenção: Temporada 1: Sequestro","7/24/24"
"S.W.A.T - Força de Intervenção: Temporada 1: Equipes","7/23/24"
"S.W.A.T - Força de Intervenção: Temporada 1: Fantasmas","7/23/24"
"S.W.A.T - Força de Intervenção: Temporada 1: Cercas","7/22/24"
"S.W.A.T - Força de Intervenção: Temporada 1: Contaminação","7/22/24"
"Mistério em Paris","7/21/24"
"S.W.A.T - Força de Intervenção: Temporada 1: Coreia","7/19/24"
"S.W.A.T - Força de Intervenção: Temporada 1: Convulsão","7/19/24"
"S.W.A.T - Força de Intervenção: Temporada 1: Ponto cego","7/19/24"
"S.W.A.T - Força de Intervenção: Temporada 1: Milagre","7/18/24"
"S.W.A.T - Força de Intervenção: Temporada 1: Casa","7/17/24"
"S.W.A.T - Força de Intervenção: Temporada 1: Falsidade","7/17/24"
"S.W.A.T - Força de Intervenção: Temporada 1: Adrenalina","7/17/24"
"S.W.A.T - Força de Intervenção: Temporada 1: Pamilya","7/16/24"
"S.W.A.T - Força de Intervenção: Temporada 1: Radical","7/16/24"
"S.W.A.T - Força de Intervenção: Temporada 1: Cuchillo","7/12/24"
"S.W.A.T - Força de Intervenção: Temporada 1: Piloto","7/12/24"
"A Primeira Vez: Temporada 1: A dama das camélias","7/12/24"
"A Primeira Vez: Temporada 1: Lisístrata","7/12/24"
"Ponto Cego: Um uivo ao longe","7/12/24"
"Um Tira da Pesada 4: Axel Foley","7/10/24"
"The Titan","7/9/24"
"Zona de Combate","7/9/24"
"Ponto Cego: Piloto","7/9/24"
"Jack Reacher: Sem Retorno","7/9/24"
"Lei e ordem: Special Victims Unit: The Ninth Year: Avatar","7/8/24"
"Lei e ordem: Special Victims Unit: The Ninth Year: Alternância","7/8/24"
"Missão: Impossível - Acerto de Contas Parte Um","7/6/24"
"A gangue está em campo","7/3/24"
"Lei e ordem: Special Victims Unit: The Seventh Year: Influência","7/3/24"
"Lei e ordem: Special Victims Unit: The Seventh Year: Internet","7/3/24"
"Lei e ordem: Special Victims Unit: The Seventh Year: Gordura","7/2/24"
"Lei e ordem: Special Victims Unit: The Seventh Year: Erro","7/2/24"
"Lei e ordem: Special Victims Unit: The Seventh Year: Veneno","7/2/24"
"Lei e ordem: Special Victims Unit: The Seventh Year: Vício","7/2/24"
"Lei e ordem: Special Victims Unit: The Seventh Year: Desaparecida","7/2/24"
"Lei e ordem: Special Victims Unit: The Seventh Year: Manipulação","7/2/24"
"Lei e ordem: Special Victims Unit: The Seventh Year: Tabu","7/1/24"
"Lei e ordem: Special Victims Unit: The Seventh Year: Corrida contra o tempo","7/1/24"
"Lei e ordem: Special Victims Unit: The Seventh Year: Doença contagiosa","7/1/24"
"Lei e ordem: Special Victims Unit: The Seventh Year: Alienação","7/1/24"
"Lei e ordem: Special Victims Unit: The Seventh Year: Tempestade","7/1/24"
"Lei e ordem: Special Victims Unit: The Seventh Year: Canção de ninar","7/1/24"
"Uma Herança Inusitada","6/30/24"
"O Cheiro do Ouro","6/30/24"
"Supacell: Supacell","6/30/24"
"Supacell: Rodney","6/30/24"
"Supacell: Andre","6/30/24"
"Supacell: Sabrina","6/30/24"
"Supacell: Choque","6/30/24"
"Supacell: Michael","6/30/24"
"Lei e ordem: Special Victims Unit: The Seventh Year: Morta de fome","6/30/24"
"Lei e ordem: Special Victims Unit: The Seventh Year: Nome","6/30/24"
"Apaixonada","6/30/24"
"Lei e ordem: Special Victims Unit: The Seventh Year: Guerreiros Revolucionários Arianos","6/29/24"
"Lei e ordem: Special Victims Unit: The Seventh Year: Infectados","6/29/24"
"Lei e ordem: Special Victims Unit: The Seventh Year: Alterado","6/29/24"
"Lei e ordem: Special Victims Unit: The Seventh Year: Emergência","6/29/24"
"Alerta de Risco","6/28/24"
"Lei e ordem: Special Victims Unit: The Seventh Year: Engenharia genética","6/28/24"
"Lei e ordem: Special Victims Unit: The Seventh Year: Demônios","6/28/24"
"Lei e ordem: Special Victims Unit: The Sixth Year: Efeitos colaterais","6/27/24"
"Lei e ordem: Special Victims Unit: The Sixth Year: Partes","6/27/24"
"Lei e ordem: Special Victims Unit: The Sixth Year: Sangue","6/26/24"
"Lei e ordem: Special Victims Unit: The Sixth Year: Noite","6/26/24"
"Lei e ordem: Special Victims Unit: The Sixth Year: Embriagada","6/26/24"
"Lei e ordem: Special Victims Unit: The Sixth Year: Virgindade","6/26/24"
"Lei e ordem: Special Victims Unit: The Sixth Year: Raiva","6/26/24"
"Bridgerton: Temporada 1: Diamante raro","6/26/24"
"Lei e ordem: Special Victims Unit: The Sixth Year: Fantasma","6/25/24"
"Lei e ordem: Special Victims Unit: The Sixth Year: Fisgado","6/25/24"
"Lei e ordem: Special Victims Unit: The Sixth Year: Jogo","6/25/24"
"Lei e ordem: Special Victims Unit: The Sixth Year: Culpa","6/24/24"
"Lei e ordem: Special Victims Unit: The Sixth Year: Identidade","6/24/24"
"Lei e ordem: Special Victims Unit: The Sixth Year: Espalhando o veneno","6/24/24"
"Lei e ordem: Special Victims Unit: The Sixth Year: Consciência pesada","6/23/24"
"Lei e ordem: Special Victims Unit: The Sixth Year: Vulnerabilidade","6/23/24"
"Lei e ordem: Special Victims Unit: The Sixth Year: Dúvida","6/23/24"
"Lei e ordem: Special Victims Unit: The Sixth Year: Magnetismo","6/23/24"
"Lei e ordem: Special Victims Unit: The Sixth Year: Consciência","6/23/24"
"Sob as Águas do Sena","6/22/24"
"Lei e ordem: Special Victims Unit: The Sixth Year: Interesse público","6/22/24"
"Lei e ordem: Special Victims Unit: The Sixth Year: Pistas","6/22/24"
"Lei e ordem: Special Victims Unit: The Sixth Year: Obscenidade","6/22/24"
"Lei e ordem: Special Victims Unit: The Sixth Year: Dívida","6/22/24"
"Lei e ordem: Special Victims Unit: The Sixth Year: Direito materno","6/19/24"
"Até o Céu: A Série: Os vivos e os mortos","6/19/24"
"O Poder e a Lei: Temporada 2: Enterre seu passado","6/19/24"
"O Poder e a Lei: Temporada 2: A quinta testemunha","6/19/24"
"O Poder e a Lei: Temporada 2: Pactos e estipulações","6/19/24"
"O Poder e a Lei: Temporada 2: Cui bono","6/18/24"
"O Poder e a Lei: Temporada 2: Retirada","6/18/24"
"O Poder e a Lei: Temporada 2: Suspeita","6/18/24"
"O Poder e a Lei: Temporada 2: Produção de provas","6/18/24"
"O Poder e a Lei: Temporada 2: Conflitos","6/17/24"
"O Poder e a Lei: Temporada 2: Obrigações","6/16/24"
"O Poder e a Lei: Temporada 2: As regras de conduta profissional","6/15/24"
"Suits: Temporada 4: Café, almoço e janta","6/15/24"
"O Poder e a Lei: Temporada 1: O veredito de chumbo","6/15/24"
"O Poder e a Lei: Temporada 1: O Vale da Estranheza","6/14/24"
"O Poder e a Lei: Temporada 1: O retorno da bala mágica","6/14/24"
"O Poder e a Lei: Temporada 1: O lêmingue número 7","6/12/24"
"O Poder e a Lei: Temporada 1: Suborno","6/12/24"
"O Poder e a Lei: Temporada 1: Doze lêmingues em uma caixa","6/12/24"
"O Poder e a Lei: Temporada 1: Teoria do caos","6/12/24"
"O Poder e a Lei: Temporada 1: Ímpeto","6/12/24"
"O Poder e a Lei: Temporada 1: A bala mágica","6/5/24"
"O Poder e a Lei: Temporada 1: De volta à montaria","6/5/24"
"House of Ninjas: A oferta","6/3/24"
"Atlas","5/31/24"
"Eric: Minissérie: Episódio 1","5/31/24"
"Biônicos","5/30/24"
"Suits: Temporada 4: Um, dois, três e já!","5/25/24"
"Suits: Temporada 3: Sem saída","5/25/24"
"Suits: Temporada 3: Saber quando desistir","5/25/24"
"Suits: Temporada 3: Coração delicado","5/25/24"
"Suits: Temporada 3: Há controvérsias","5/25/24"
"Suits: Temporada 3: Águas passadas","5/22/24"
"Suits: Temporada 3: Segredos enterrados","5/22/24"
"Suits: Temporada 3: Fica","5/22/24"
"Suits: Temporada 3: Má-fé","5/21/24"
"Suits: Temporada 3: Jogo final","5/21/24"
"Suits: Temporada 3: A gata é minha","5/20/24"
"Suits: Temporada 3: A outra vez","5/20/24"
"Suits: Temporada 3: Sombra de dúvida","5/20/24"
"Suits: Temporada 3: Conflito de interesses","5/20/24"
"Suits: Temporada 3: Assuntos pendentes","5/20/24"
"Suits: Temporada 3: É pegar ou largar","5/20/24"
"Bebê Rena: Minissérie: Episódio 1","5/19/24"
"Bebê Rena: Minissérie: Episódio 3","5/19/24"
"Suits: Temporada 3: O acordo","5/18/24"
"Suits: Temporada 2: Guerra","5/16/24"
"Suits: Temporada 2: Normandia","5/16/24"
"Suits: Temporada 2: Ele voltou","5/16/24"
"Suits: Temporada 2: Zane contra Zane","5/15/24"
"Suits: Temporada 2: Lei da selva","5/15/24"
"Suits: Temporada 2: Ponto cego","5/15/24"
"Suits: Temporada 2: Matar ou morrer","5/15/24"
"Suits: Temporada 2: Asteriscos","5/15/24"
"Suits: Temporada 2: Rebobinar","5/15/24"
"Suits: Temporada 2: Golpe baixo","5/15/24"
"Suits: Temporada 2: Aposto tudo","5/15/24"
"Suits: Temporada 2: Ponto de ruptura","5/15/24"
"Suits: Temporada 2: Descoberta","5/15/24"
"Suits: Temporada 2: Conheça a nova chefe","5/14/24"
"Suits: Temporada 2: Escolha um lado","5/14/24"
"Suits: Temporada 2: Ela sabe","5/13/24"
"Suits: Temporada 1: Briga de cachorro grande","5/13/24"
"Suits: Temporada 1: A regra do jogo","5/13/24"
"Suits: Temporada 1: Vida de fachada","5/10/24"
"Suits: Temporada 1: Invicto","5/10/24"
"Suits: Temporada 1: Crise de identidade","5/10/24"
"Suits: Temporada 1: Conheça o adversário","5/9/24"
"Suits: Temporada 1: Ossos do ofício","5/9/24"
"Suits: Temporada 1: Fiança","5/9/24"
"Suits: Temporada 1: Segredinhos sujos","5/9/24"
"Suits: Temporada 1: Vantagens","5/8/24"
"Suits: Temporada 1: Erros e omissões","5/8/24"
"Suits: Temporada 1: Piloto: partes 1 e 2","5/8/24"
"Bebê Rena: Minissérie: Episódio 2","5/7/24"
"Na Rota do Ouro: O boi","5/7/24"
"O Último Guardião: Temporada 3: Episódio 3","5/6/24"
"O Último Guardião: Temporada 3: Episódio 2","5/6/24"
"O Último Guardião: Temporada 3: Episódio 1","5/4/24"
"O Último Guardião: Temporada 2: Episódio 8","5/4/24"
"O Último Guardião: Temporada 2: Episódio 7","5/4/24"
"O Último Guardião: Temporada 2: Episódio 6","5/3/24"
"O Último Guardião: Temporada 2: Episódio 5","5/3/24"
"O Último Guardião: Temporada 2: Episódio 4","5/3/24"
"O Último Guardião: Temporada 2: Episódio 3","5/3/24"
"O Último Guardião: Temporada 2: Episódio 2","5/3/24"
"O Último Guardião: Temporada 2: Episódio 1","5/3/24"
"O Último Guardião: Temporada 1: Episódio 10","5/3/24"
"O Último Guardião: Temporada 1: Episódio 9","5/3/24"
"O Último Guardião: Temporada 1: Episódio 8","5/3/24"
"O Último Guardião: Temporada 1: Episódio 7","5/2/24"
"O Último Guardião: Temporada 1: Episódio 6","5/2/24"
"O Último Guardião: Temporada 1: Episódio 5","5/2/24"
"O Último Guardião: Temporada 1: Episódio 4","5/2/24"
"O Último Guardião: Temporada 1: Episódio 3","5/2/24"
"O Último Guardião: Temporada 1: Episódio 2","5/2/24"
"O Último Guardião: Temporada 1: Episódio 1","5/2/24"
"Na Rota do Ouro: O rifle","5/2/24"
"Na Rota do Ouro: O mapa","4/30/24"
"Reis de Joanesburgo: Temporada 1: Vader, o pai","4/30/24"
"Ruas Sangrentas - O Acerto Final","4/30/24"
"Superfly: Crime e Poder","4/18/24"
"Top Boy: Temporada 1: Em ascensão","4/17/24"
"Diamantes Brutos: Episódio 5","4/17/24"
"Diamantes Brutos: Episódio 4","4/17/24"
"Criminosos: O mar","4/12/24"
"Criminosos: Rubro","4/12/24"
"Criminosos: Os Al-Walids","4/10/24"
"Criminosos: Pantera","4/10/24"
"Diamantes Brutos: Episódio 3","4/9/24"
"Diamantes Brutos: Episódio 2","4/9/24"
"O Salário do Medo","4/9/24"
"Diamantes Brutos: Episódio 1","4/8/24"
"Bárbaros: Traição","4/8/24"
"Bárbaros: Um novo reik","4/8/24"
"Jogo Bonito","4/8/24"
"The Flash: Temporada 9: Quarta-feira, sempre","4/4/24"
"Alma de Caçador","4/3/24"
"The Flash: Temporada 2: A corrida de sua vida","4/3/24"
"Unidos: Manchester City Tricampeão: Minissérie: Somos iguais","4/2/24"
"Entrevías: Temporada 1: Um babaca à moda antiga","4/2/24"
"Cães de Caça: Episódio 1","4/2/24"
"ONE PIECE: A Série: O mais procurado do East Blue","4/2/24"
"Bárbaros: Tempo de decisões","4/2/24"
"FUBAR: Temporada 1: Dia de levar a filha para o trabalho","4/1/24"
"ONE PIECE: A Série: A garota com a tatuagem de peixe-serra","4/1/24"
"ONE PIECE: A Série: O chef e o faz-tudo","4/1/24"
"Arremessando Alto","3/30/24"
"Bárbaros: Vingança","3/30/24"
"Bárbaros: O lobo e a águia","3/30/24"
"O Problema dos 3 Corpos: Temporada 1: Contagem regressiva","3/30/24"
"Mea Culpa","3/30/24"
"Pilotos de Combate","3/28/24"
"The Flash: Temporada 2: Invencível","3/27/24"
"Ladrões","3/26/24"
"Asterix e Obelix no Reino do Meio","3/26/24"
"Xtremo","3/26/24"
"O Irlandês","3/26/24"
"Exército de Ladrões: Invasão da Europa","3/26/24"
"O Preço do Prazer","3/25/24"
"Mão de Ferro: Vida longa ao rei","3/24/24"
"Mão de Ferro: A lei do porto","3/24/24"
"Hellboy","3/24/24"
"Cópias - De Volta à Vida","3/23/24"
"Velozes & Furiosos 9","3/23/24"
"Samurai X: A Origem","3/23/24"
"Vingança & Castigo","3/23/24"
"A Grande Muralha","3/22/24"
"The Last Kingdom: Seven Kings Must Die","3/22/24"
"Shaft","3/20/24"
"Família Yakuza","3/20/24"
"Os Piratas: Em Busca do Tesouro Perdido","3/20/24"
"Raio Negro: LaWanda: o livro do sepultamento","3/19/24"
"Raio Negro: LaWanda: uma mensagem de esperança","3/19/24"
"Raio Negro: A ressurreição","3/19/24"
"47 Ronins","3/18/24"
"A Fúria de Paris: Temporada 1: Olá, meu amor","3/13/24"
"A Fúria de Paris: Temporada 1: A Fúria é como sarna","3/13/24"
"A Fúria de Paris: Temporada 1: Eu nunca teria apostado em você","3/13/24"
"A Fúria de Paris: Temporada 1: Um coração partido é melhor do que uma bala na cabeça","3/13/24"
"A Fúria de Paris: Temporada 1: Eu trabalho pra ela","3/13/24"
"The Flash: Temporada 2: O dinossauro fujão","3/12/24"
"The Flash: Temporada 2: Ruptura","3/12/24"
"The Flash: Temporada 2: De volta ao normal","3/12/24"
"The Flash: Temporada 2: Contra Zoom","3/12/24"
"The Flash: Temporada 2: Flash Back","3/12/24"
"The Flash: Temporada 2: Trajetória","3/12/24"
"The Flash: Temporada 2: Tubarão Rei","3/11/24"
"The Flash: Temporada 2: Fuga da Terra 2","3/11/24"
"The Flash: Temporada 2: Bem-vindo à Terra 2","3/6/24"
"The Flash: Temporada 2: Pista rápida","3/6/24"
"The Flash: Temporada 2: O retorno do Flash Reverso","3/6/24"
"The Flash: Temporada 2: Energia potencial","3/5/24"
"The Flash: Temporada 2: Correndo para ficar parado","3/5/24"
"The Flash: Temporada 2: Lendas do presente","3/1/24"
"The Flash: Temporada 2: Guerra do Gorila","3/1/24"
"The Flash: Temporada 2: Acionando Zoom","2/28/24"
"The Flash: Temporada 2: Uma luz na escuridão","2/27/24"
"The Flash: Temporada 2: A fúria da tempestade de fogo","2/27/24"
"The Flash: Temporada 2: Família de trapaceiros","2/26/24"
"The Flash: Temporada 2: Flash dos dois mundos","2/26/24"
"Avatar: O Último Mestre do Ar: O Norte","2/25/24"
"Avatar: O Último Mestre do Ar: Máscaras","2/25/24"
"Avatar: O Último Mestre do Ar: O Mundo Espiritual","2/25/24"
"Avatar: O Último Mestre do Ar: No escuro","2/25/24"
"Avatar: O Último Mestre do Ar: Omashu","2/25/24"
"Avatar: O Último Mestre do Ar: Guerreiros","2/24/24"
"Avatar: O Último Mestre do Ar: Aang","2/24/24"
"Warrior: Temporada 1: João Chinês","2/21/24"
"Warrior: Temporada 1: Não existe China na Bíblia","2/21/24"
"Warrior: Temporada 1: O imigrante valente","2/21/24"
"O Arsenal dos Espiões: Vigilância de última geração","2/20/24"
"Marco Polo: One Hundred Eyes","2/18/24"
"Marco Polo: Temporada 2: A aliança","2/18/24"
"Marco Polo: Temporada 2: Herdeiros","2/18/24"
"Marco Polo: Temporada 2: Cavalo branco","2/18/24"
"Marco Polo: Temporada 2: A Garça Perdida","2/18/24"
"Marco Polo: Temporada 2: Os termos da serpente","2/18/24"
"Marco Polo: Temporada 2: Canção","2/18/24"
"Marco Polo: Temporada 2: Que os desígnios de Deus comecem","2/14/24"
"Marco Polo: Temporada 2: Ataque ao pivô","2/14/24"
"Marco Polo: Temporada 2: Um abraço","2/12/24"
"Marco Polo: Temporada 2: O caçador e o artesão","2/12/24"
"Marco Polo: Temporada 1: Celeste e primal","2/12/24"
"Wu Assassins: Pedido errado","2/12/24"
"The Flash: Temporada 2: O homem que salvou Central City","2/11/24"
"Warrior Nun: Temporada 1: Salmos 46:5","2/11/24"
"Sandman: O sono dos justos","2/10/24"
"Troia: A Queda de Uma Cidade: Sangue negro","2/10/24"
"S.W.A.T. - Operação Escorpião","2/9/24"
"Um Dia: Minissérie: Episódio 1","2/9/24"
"The Kitchen","2/7/24"
"Dívida Perigosa","2/6/24"
"Em Ruínas","2/6/24"
"Griselda: Minissérie: Adiós, Miami","2/6/24"
"Griselda: Minissérie: Paraíso perdido","2/6/24"
"Griselda: Minissérie: Média gestão","2/6/24"
"Griselda: Minissérie: The Mutiny","2/6/24"
"Griselda: Minissérie: Brancos e ricos","2/6/24"
"Griselda: Minissérie: A chegada em Miami","2/2/24"
"Irmãos Sun: Gymkata","2/1/24"
"Irmãos Sun: Garoto do interior","1/31/24"
"Irmãos Sun: A Agenda","1/29/24"
"Irmãos Sun: Quadrado","1/25/24"
"Irmãos Sun: O que você quiser","1/25/24"
"Irmãos Sun: Um favor por outro","1/25/24"
"Irmãos Sun: Piloto","1/24/24"
"Lift: Roubo nas Alturas","1/22/24"
"Gaiola Mental","1/17/24"
"Kingdom 3: A Chama do Destino","1/17/24"
"A Arte de Economizar","1/17/24"
"Arremesso Final: Minissérie: Episódio 1","1/17/24"
"Berlim: Temporada 1: A última virgem do Ocidente","1/16/24"
"Berlim: Temporada 1: A noite do limoncello","1/15/24"
"Berlim: Temporada 1: After Love","1/15/24"
"Vingança a Sangue-Frio","1/12/24"
"Berlim: Temporada 1: Um aquário nas costas","1/10/24"
"Berlim: Temporada 1: Trinca de embriões","1/10/24"
"Berlim: Temporada 1: Âncora e Lobo","1/9/24"
"Berlim: Temporada 1: A energia do amor","1/8/24"
"Sweet Tooth: Temporada 1: Foi mal por todos os mortos","1/5/24"
"Sweet Tooth: Temporada 1: Saindo da mata","1/5/24"
"Rebel Moon - Parte 1: A Menina do Fogo","12/29/23"
"Yu Yu Hakusho: Episódio 2","12/28/23"
"Yu Yu Hakusho: Episódio 1","12/21/23"
"A Batalha dos 100: Temporada 1: 1/100","12/17/23"
"A Batalha dos 100: Temporada 1: Uma punição cruel","12/17/23"
"A Batalha dos 100: Temporada 1: A possibilidade do impossível","12/17/23"
"A Batalha dos 100: Temporada 1: O peso da sobrevivência","12/17/23"
"A Batalha dos 100: Temporada 1: Visitas indesejadas","12/17/23"
"A Batalha dos 100: Temporada 1: Os azarões","12/16/23"
"A Batalha dos 100: Temporada 1: Evite se for capaz","12/15/23"
"A Batalha dos 100: Temporada 1: Perde quem surtar","12/15/23"
"A Batalha dos 100: Temporada 1: A hierarquia","12/15/23"
"Ferry: A Série: A Série: Plano perigoso","12/13/23"
"Ferry: A Série: A Série: Só sócios","12/13/23"
"Explosivos: Verdadeiros heróis norte-americanos","12/5/23"
"Quem é Erin Carter?: Minissérie: Episódio 1","11/30/23"
"Uma Família Quase Perfeita: Minissérie: Capítulo quatro","11/29/23"
"Uma Família Quase Perfeita: Minissérie: Capítulo três","11/29/23"
"Uma Família Quase Perfeita: Minissérie: Capítulo dois","11/29/23"
"Uma Família Quase Perfeita: Minissérie: Capítulo um","11/29/23"
"ONE PIECE: A Série: Venha comer no Baratie!","11/28/23"
"Operação: Arma Secreta","11/27/23"
"Novos Ricos","11/27/23"
"O Assassino","11/24/23"
"A Lista da Vingança","11/24/23"
"Última Chamada para Istambul","11/24/23"
"365 Dias","11/24/23"
"DNA DO CRIME: O Fim e o Início","11/24/23"
"DNA DO CRIME: Hacienda","11/23/23"
"DNA DO CRIME: Em Casa","11/23/23"
"DNA DO CRIME: Tudo Pela Família","11/23/23"
"DNA DO CRIME: Comboio","11/23/23"
"DNA DO CRIME: Bicho Homem","11/22/23"
"DNA DO CRIME: Vestígios da Noite","11/22/23"
"DNA DO CRIME: Barata Voa","11/22/23"
"O Informante","11/18/23"
"As Ladras","11/8/23"
"Outer Banks: Temporada 3: Segredo do gnômon","10/30/23"
"O Lado Bom de Ser Traída","10/28/23"
"Outer Banks: Temporada 3: Boas-vindas a Kitty Hawk","10/27/23"
"Outer Banks: Temporada 3: Virando o leme","10/26/23"
"Outer Banks: Temporada 3: Aniversário de casamento","10/25/23"
"Outer Banks: Temporada 3: Segredos sombrios","10/25/23"
"Outer Banks: Temporada 3: Roubos","10/25/23"
"Outer Banks: Temporada 3: O diário","10/24/23"
"Outer Banks: Temporada 3: Pais e filhos","10/24/23"
"Outer Banks: Temporada 3: Os sinos","10/23/23"
"Outer Banks: Temporada 3: Poguelândia","10/23/23"
"ONE PIECE: A Série: Os piratas estão vindo","10/14/23"
"ONE PIECE: A Série: O contador de histórias","10/14/23"
"ONE PIECE: A Série: O homem do chapéu de palha","10/14/23"
"Chef 5 Estrelas: Episódio 1","10/14/23"
"Sombra e Ossos: Temporada 1: Uma explosão chamuscante de luz","10/14/23"
"Jogo Justo","10/14/23"
"ONE PIECE: A Série: O amanhecer de uma aventura","10/13/23"
"O Último Mestre do Ar","10/13/23"
"A Bailarina","10/13/23"
"Agente Infiltrado","10/8/23"
"Jogada de Rei","10/4/23"
